Name,Location,Brand Positioning,Direct or Indirect Competitor,Concept Identity,Target Audience,Atmosphere & Experience,Menu Features,Pricing,Website Quality,Social Channels,Instagram Handle,Instagram Followers,Google Rating,# of Google Reviews,Common google review themes,USP,Guarantee,Merch / Extensions,Event Programming / Regular Events,Private / Group Booking Capabilities,Accessibility Features,Delivery / Takeout / Online Ordering,Loyalty / Rewards Program,Promotions & Specials Schedule,Collaborations / Partnerships,Community / Local Engagement,Email / Newsletter Presence,Capacity (Seated / Standing),Peak Hours / Visit Times,Visual Style / Branding Aesthetic
Dolly's,The Esplanade Toronto former Bier Markt,Large-format female-forward country nightlife destination,Reference concept,Country bar with dinner early and pizza late,Women 22-35 and bachelorettes and GTA friend groups,High-energy and welcoming and photo-ready and dance-floor-led,Full menu 5-9 PM plus late-night pizza and drinks,~$40,Pre-opening teaser site planned,IG / TikTok / FB / X / YouTube / Spotify,@dollyscountrybarto,Pre-launch,,,Guests will expect fun and safety and line dancing and group-friendly service,Largest true country bar in Toronto plus female-safety positioning,Safe inclusive high-energy country night without King West pretension,Strong merch and playlist potential,Planned line dancing and live music and bachelorette packages,Should be built for large party reservations from day one,Needs visible safety operations and accessible room planning,On-premise focused,None yet,Weekday anchor nights and opening-week offers,Line-dance groups and musicians and safe-ride partners,Can become a GTA destination if programming is consistent,Email and SMS capture planned,TBD large-format room,Thu-Sat late night and off-peak risk Sun-Wed,Modern country with glam-meets-grit and neon and western cues
Rock 'N' Horse Saloon,250 Adelaide St W Toronto,Established mainstream Toronto country party bar,Direct,Classic downtown country saloon and nightclub,Young adult nightlife crowd and tourists and birthday groups,Loud and casual and dance-focused,Bar snacks and domestic beer and cocktails,$$,Functional events-led website,IG / FB / TikTok,@rocknhorseto,16000,4.1,1967,Fun atmosphere and line dancing and category recognition,Most established active Toronto country-bar brand,Reliable country-party energy,Event-led social assets,Line dancing and mechanical bull and DJs,Group bookings are central,Standard nightlife accessibility expectations,On-premise focused,None noted,Ladies offers and cover-night promos,Country-nightlife community awareness,Recognizable destination for obvious Toronto country-bar demand,Basic event capture,Large nightlife room,Thu-Sat nights,Traditional saloon-nightclub cues
Paris Texas,461 King St W Toronto,Fashion-forward country nightlife for the downtown social crowd,Direct,Modern country party bar with current nightlife polish,Women 22-35 and bachelorettes and King West groups,Polished and photogenic and high-energy,Cocktails and beer and brunch and shareable food,$$$,Strong at signalling vibe and occasion,IG / TikTok,@paristexasparistexas,14000,4.7,200,Strong visual impression and party atmosphere,Proof that country nightlife can feel current and fashionable,Memorable shareable country night,High package potential,Party programming and brunch and late-night energy,Strong celebration booking relevance,Modern front-of-house standards,On-premise focused,None noted,Occasion-led promotions,Influencer and nightlife-network amplification,Builds buzz through visibility more than deep roots,List capture likely,Mid-to-large room,Fri-Sat peak plus brunch,Country-coded but polished and fashionable
Rodeo Dive,600 King St W Toronto,INK-backed country-sports crossover still defining its lane,Direct,Country sports bar and nightlife crossover,Downtown groups and sports-bar audience and curiosity traffic,Polished and lively and operator-backed,Beer and cocktails and shareables,$$-$$$,Strong operator polish but newer story,IG / TikTok,@rodeodiveto,3000,,,Newness and energy and curiosity,Backed entrant with downtown visibility,Fun newer country-coded night with operator muscle,Group-event upside,DJ and sports-crossover nights and launch events,Good private and group sales potential,Modern operator-standard accessibility,On-premise focused,None noted,Launch and event promos,INK network effects,Still building loyalty and identity,Operator channels likely,Mid-to-large room,Weekend evenings,Polished nightlife with western overlays
Badlands,190 Ossington Ave Toronto,Smaller cooler neighbourhood-country venue,Indirect,Country-coded neighbourhood bar rather than mega-room party venue,Ossington crowd and smaller groups and date-night crossover,Intimate and local and vibe-forward,Cocktails and beer and concise food,$$,Social-vibe signalling stronger than formal conversion,IG,@badlandsgoodtimes,1074,,,Cool room and neighbourhood feel and genre personality,Useful benchmark for small-room country relevance,A good-time country bar that feels local,Low merch importance,Music-led nights and vibe-driven programming,Smaller group-booking relevance,Standard urban-bar accessibility,On-premise focused,None noted,Event-specific pushes,Local-scene creator alignment,Neighbourhood relevance more than regional draw,Social-first,Small-to-mid room,Weekend evenings,Cool lower-fi neighbourhood western aesthetic
Horseshoe Tavern,370 Queen St W Toronto,Heritage live-music institution with deep Toronto credibility,Indirect,Historic concert venue rather than theme-first country bar,Live-music fans and scene regulars and touring-show audiences,Authentic and music-first and crowd-energy led,Bar menu secondary to the show,$$,Strong event and listings logic,IG / FB,@horseshoetavern,30000,4.5,3000,Authenticity and iconic status and energetic shows,Heritage and scene credibility,Real Toronto music-room experience,Poster and memorabilia extension value,Dense live music calendar,Event bookings central,Standard historic-venue accessibility profile,On-premise focused,None noted,Show-driven demand,Deep music-industry ties,Cultural anchor role,Event/news driven,Mid-sized live room,Show nights,Historic rock-club aesthetic
The Dakota Tavern,249 Ossington Ave Toronto,Roots and bluegrass tavern benchmark for authenticity,Indirect,Music-led tavern with roots and Americana credibility,Roots-music crowd and local regulars and music-first guests,Warm and intimate and community-driven,Comfort-driven bar food and drinks,$$,Programming clarity matters more than website polish,IG / FB,@thedakotatavern,15000,4.5,2100,Authenticity and music quality and intimacy,Proof that a room can own a genre through recurring rituals,Dependable authentic roots-music night,Merch and event memorabilia plausible,Bluegrass and roots nights and recurring sets,Smaller group utility,Standard small-venue accessibility,On-premise focused,None noted,Programming itself is the offer,Strong ties to local musicians,Deep cultural goodwill,Event/newsletter capture likely,Small room,Specific music nights,Warm tavern heritage aesthetic
Stampede Ranch,226 Woodlawn Rd W Guelph,Ontario country-nightlife proof point outside Toronto,Indirect,Regional country dance bar,Suburban and regional country-night audience,Dance-floor centric and approachable,Pubs snacks and domestic beer and cocktails,$$,Practical operator website,IG / FB,@thestampederanch,,,,Dance floor and country nights and regional loyalty,Ontario operating proof for country-nightlife demand,Straightforward country-party night,Limited extension value,Recurring country nights and dance-floor programming,Group nights matter,Standard suburban-bar accessibility,On-premise focused,None noted,Night-specific offers,Local-country community alignment,Regional role rather than citywide role,Basic social capture,Mid-sized room,Weekend nights,Straightforward country-bar aesthetic
Bub City,Chicago,Restaurant-plus-honky-tonk benchmark with disciplined programming,Direct benchmark,BBQ restaurant and country bar hybrid with line-dancing support,Women 25-35 and groups and dinners that turn into nightlife,High-energy but broad-appeal,Real food plus whiskey plus beer plus cocktails,$$-$$$,Strong at communicating programming and reservations,IG / TikTok / FB,@bubcity,17000,4.6,2000,Programming clarity and line-dancing accessibility and event energy,Closest structural benchmark for Dolly's operating model,Reliable country night for dinner or dancing,Good merch and branded-programming potential,Line-dancing lessons and live bands and karaoke and brunch,Strong large-party infrastructure,Modern full-service accessibility expectations,Reservation-driven and on-premise focused,None noted,Night-specific programming pushes,Artist and event partnerships,Builds community through weekly rituals,Strong list capture,Large-format venue,Multiple dayparts,Modernized country with polished operator execution
Ole Red,Nashville,Celebrity-backed mega-honky-tonk built for scale and spectacle,Direct benchmark,Large-format honky-tonk entertainment brand,Tourists and bachelorettes and mainstream country fans,Huge and photogenic and spectacle-first,Food and cocktails and beer and VIP products,$$-$$$,Very strong at selling the room and occasion,IG / TikTok / FB / YouTube,@olered,199000,4.1,5000,Massive atmosphere and strong visual moments,Best benchmark for designing social-first spectacle into the room,Memorable celebrity-scale country party,Major merch and content extension potential,Live music and branded moments and all-day activation,Strong group and celebration booking model,Modern destination-venue accessibility expectations,Broad hospitality conversion stack,None noted,Event and occasion-led monetization,Celebrity and music-industry halo,Destination draw more than neighbourhood role,Strong database capture assumed,Very large multi-level venue,All-day into late night,Big-stage modern honky-tonk
Whiskey Rose,Calgary,Canadian Nashville-style saloon proving the format can scale in Canada,Direct benchmark,Purpose-built modern country party venue,Young adult nightlife crowd and bachelorettes and western-party audience,Big-room energy and western styling,Cocktails and beer and shareables,$$-$$$,Good benchmark for Canadian-market messaging,IG / FB / TikTok,@whiskeyroseyyc,19000,4.1,1500,Party atmosphere and western identity and group appeal,Best Canadian benchmark for Dolly's target scale and vibe,Modern western party night with Canadian relevance,Merch and package potential,Country nights and DJs and party programming,Strong celebration booking relevance,Modern large-room accessibility expectations,On-premise focused,None noted,Event-led promotions,Regional-country and nightlife partnerships,Useful proof that the format can work in Canada,Social and event capture active,Large room,Fri-Sat nights,Modern Nashville-inspired western aesthetic
